"filename", "language", "XML", "JSON", "C#", "JSON with Comments", "Markdown", "TypeScript", "CSS", "HTML", "YAML", "comment", "blank", "total"
"c:\Users\USER\Documents\GitHub\MainDietitianProjectRepo\API\API.csproj", "XML", 16, 0, 0, 0, 0, 0, 0, 0, 0, 0, 4, 20
"c:\Users\USER\Documents\GitHub\MainDietitianProjectRepo\API\Common\Empty.cs", "C#", 0, 0, 5, 0, 0, 0, 0, 0, 0, 1, 4, 10
"c:\Users\USER\Documents\GitHub\MainDietitianProjectRepo\API\Common\Enums\Genders.cs", "C#", 0, 0, 6, 0, 0, 0, 0, 0, 0, 0, 2, 8
"c:\Users\USER\Documents\GitHub\MainDietitianProjectRepo\API\Common\Result.cs", "C#", 0, 0, 63, 0, 0, 0, 0, 0, 0, 0, 10, 73
"c:\Users\USER\Documents\GitHub\MainDietitianProjectRepo\API\Controllers\AdviceController.cs", "C#", 0, 0, 57, 0, 0, 0, 0, 0, 0, 0, 8, 65
"c:\Users\USER\Documents\GitHub\MainDietitianProjectRepo\API\Controllers\AppointmentController.cs", "C#", 0, 0, 39, 0, 0, 0, 0, 0, 0, 0, 7, 46
"c:\Users\USER\Documents\GitHub\MainDietitianProjectRepo\API\Controllers\ArticlesController.cs", "C#", 0, 0, 57, 0, 0, 0, 0, 0, 0, 0, 8, 65
"c:\Users\USER\Documents\GitHub\MainDietitianProjectRepo\API\Controllers\BaseApiController.cs", "C#", 0, 0, 22, 0, 0, 0, 0, 0, 0, 0, 2, 24
"c:\Users\USER\Documents\GitHub\MainDietitianProjectRepo\API\Controllers\DataBackupAndRestoreController.cs", "C#", 0, 0, 53, 0, 0, 0, 0, 0, 0, 3, 9, 65
"c:\Users\USER\Documents\GitHub\MainDietitianProjectRepo\API\Controllers\DietTypesController.cs", "C#", 0, 0, 22, 0, 0, 0, 0, 0, 0, 1, 5, 28
"c:\Users\USER\Documents\GitHub\MainDietitianProjectRepo\API\Controllers\DietsController.cs", "C#", 0, 0, 74, 0, 0, 0, 0, 0, 0, 1, 22, 97
"c:\Users\USER\Documents\GitHub\MainDietitianProjectRepo\API\Controllers\FallbackController.cs", "C#", 0, 0, 11, 0, 0, 0, 0, 0, 0, 0, 1, 12
"c:\Users\USER\Documents\GitHub\MainDietitianProjectRepo\API\Controllers\MetricsController.cs", "C#", 0, 0, 46, 0, 0, 0, 0, 0, 0, 0, 7, 53
"c:\Users\USER\Documents\GitHub\MainDietitianProjectRepo\API\Controllers\NotesController.cs", "C#", 0, 0, 50, 0, 0, 0, 0, 0, 0, 0, 6, 56
"c:\Users\USER\Documents\GitHub\MainDietitianProjectRepo\API\Controllers\RecipesController.cs", "C#", 0, 0, 50, 0, 0, 0, 0, 0, 0, 5, 11, 66
"c:\Users\USER\Documents\GitHub\MainDietitianProjectRepo\API\Controllers\ReportsController.cs", "C#", 0, 0, 37, 0, 0, 0, 0, 0, 0, 8, 17, 62
"c:\Users\USER\Documents\GitHub\MainDietitianProjectRepo\API\Controllers\ReviewsController.cs", "C#", 0, 0, 89, 0, 0, 0, 0, 0, 0, 0, 16, 105
"c:\Users\USER\Documents\GitHub\MainDietitianProjectRepo\API\Controllers\TemplatesController.cs", "C#", 0, 0, 44, 0, 0, 0, 0, 0, 0, 0, 7, 51
"c:\Users\USER\Documents\GitHub\MainDietitianProjectRepo\API\Controllers\UsersController.cs", "C#", 0, 0, 93, 0, 0, 0, 0, 0, 0, 0, 18, 111
"c:\Users\USER\Documents\GitHub\MainDietitianProjectRepo\API\Data\Advice.cs", "C#", 0, 0, 9, 0, 0, 0, 0, 0, 0, 0, 0, 9
"c:\Users\USER\Documents\GitHub\MainDietitianProjectRepo\API\Data\Appointment.cs", "C#", 0, 0, 17, 0, 0, 0, 0, 0, 0, 2, 3, 22
"c:\Users\USER\Documents\GitHub\MainDietitianProjectRepo\API\Data\Article.cs", "C#", 0, 0, 11, 0, 0, 0, 0, 0, 0, 0, 0, 11
"c:\Users\USER\Documents\GitHub\MainDietitianProjectRepo\API\Data\DataContext.cs", "C#", 0, 0, 78, 0, 0, 0, 0, 0, 0, 3, 18, 99
"c:\Users\USER\Documents\GitHub\MainDietitianProjectRepo\API\Data\DbInitializer.cs", "C#", 0, 0, 51, 0, 0, 0, 0, 0, 0, 0, 17, 68
"c:\Users\USER\Documents\GitHub\MainDietitianProjectRepo\API\Data\Diet.cs", "C#", 0, 0, 12, 0, 0, 0, 0, 0, 0, 0, 1, 13
"c:\Users\USER\Documents\GitHub\MainDietitianProjectRepo\API\Data\DietDay.cs", "C#", 0, 0, 11, 0, 0, 0, 0, 0, 0, 0, 1, 12
"c:\Users\USER\Documents\GitHub\MainDietitianProjectRepo\API\Data\DietMeal.cs", "C#", 0, 0, 11, 0, 0, 0, 0, 0, 0, 0, 2, 13
"c:\Users\USER\Documents\GitHub\MainDietitianProjectRepo\API\Data\DietType.cs", "C#", 0, 0, 10, 0, 0, 0, 0, 0, 0, 0, 2, 12
"c:\Users\USER\Documents\GitHub\MainDietitianProjectRepo\API\Data\Metrics.cs", "C#", 0, 0, 13, 0, 0, 0, 0, 0, 0, 0, 1, 14
"c:\Users\USER\Documents\GitHub\MainDietitianProjectRepo\API\Data\Migrations\20250126231716_InitialMigration.Designer.cs", "C#", 0, 0, 217, 0, 0, 0, 0, 0, 0, 2, 74, 293
"c:\Users\USER\Documents\GitHub\MainDietitianProjectRepo\API\Data\Migrations\20250126231716_InitialMigration.cs", "C#", 0, 0, 199, 0, 0, 0, 0, 0, 0, 3, 23, 225
"c:\Users\USER\Documents\GitHub\MainDietitianProjectRepo\API\Data\Migrations\20250127011012_AddedUserDateCreated.Designer.cs", "C#", 0, 0, 219, 0, 0, 0, 0, 0, 0, 2, 75, 296
"c:\Users\USER\Documents\GitHub\MainDietitianProjectRepo\API\Data\Migrations\20250127011012_AddedUserDateCreated.cs", "C#", 0, 0, 24, 0, 0, 0, 0, 0, 0, 3, 4, 31
"c:\Users\USER\Documents\GitHub\MainDietitianProjectRepo\API\Data\Migrations\20250127220429_AddedClientsAndDietTypes.Designer.cs", "C#", 0, 0, 266, 0, 0, 0, 0, 0, 0, 2, 93, 361
"c:\Users\USER\Documents\GitHub\MainDietitianProjectRepo\API\Data\Migrations\20250127220429_AddedClientsAndDietTypes.cs", "C#", 0, 0, 65, 0, 0, 0, 0, 0, 0, 3, 8, 76
"c:\Users\USER\Documents\GitHub\MainDietitianProjectRepo\API\Data\Migrations\20250127232158_MergedClientToUser.Designer.cs", "C#", 0, 0, 247, 0, 0, 0, 0, 0, 0, 2, 86, 335
"c:\Users\USER\Documents\GitHub\MainDietitianProjectRepo\API\Data\Migrations\20250127232158_MergedClientToUser.cs", "C#", 0, 0, 103, 0, 0, 0, 0, 0, 0, 3, 18, 124
"c:\Users\USER\Documents\GitHub\MainDietitianProjectRepo\API\Data\Migrations\20250203090454_FullNameAddedToUser.Designer.cs", "C#", 0, 0, 250, 0, 0, 0, 0, 0, 0, 2, 87, 339
"c:\Users\USER\Documents\GitHub\MainDietitianProjectRepo\API\Data\Migrations\20250203090454_FullNameAddedToUser.cs", "C#", 0, 0, 23, 0, 0, 0, 0, 0, 0, 3, 4, 30
"c:\Users\USER\Documents\GitHub\MainDietitianProjectRepo\API\Data\Migrations\20250221210220_AddedAllEntities.Designer.cs", "C#", 0, 0, 458, 0, 0, 0, 0, 0, 0, 2, 165, 625
"c:\Users\USER\Documents\GitHub\MainDietitianProjectRepo\API\Data\Migrations\20250221210220_AddedAllEntities.cs", "C#", 0, 0, 215, 0, 0, 0, 0, 0, 0, 3, 25, 243
"c:\Users\USER\Documents\GitHub\MainDietitianProjectRepo\API\Data\Migrations\20250223204037_AddedRemainingTables.Designer.cs", "C#", 0, 0, 518, 0, 0, 0, 0, 0, 0, 2, 188, 708
"c:\Users\USER\Documents\GitHub\MainDietitianProjectRepo\API\Data\Migrations\20250223204037_AddedRemainingTables.cs", "C#", 0, 0, 65, 0, 0, 0, 0, 0, 0, 3, 8, 76
"c:\Users\USER\Documents\GitHub\MainDietitianProjectRepo\API\Data\Migrations\20250224172207_AddedRemainingDbSets.Designer.cs", "C#", 0, 0, 518, 0, 0, 0, 0, 0, 0, 2, 188, 708
"c:\Users\USER\Documents\GitHub\MainDietitianProjectRepo\API\Data\Migrations\20250224172207_AddedRemainingDbSets.cs", "C#", 0, 0, 342, 0, 0, 0, 0, 0, 0, 3, 84, 429
"c:\Users\USER\Documents\GitHub\MainDietitianProjectRepo\API\Data\Migrations\20250305191258_UpdatedReviewEntity.Designer.cs", "C#", 0, 0, 520, 0, 0, 0, 0, 0, 0, 2, 189, 711
"c:\Users\USER\Documents\GitHub\MainDietitianProjectRepo\API\Data\Migrations\20250305191258_UpdatedReviewEntity.cs", "C#", 0, 0, 23, 0, 0, 0, 0, 0, 0, 3, 4, 30
"c:\Users\USER\Documents\GitHub\MainDietitianProjectRepo\API\Data\Migrations\20250330212312_UpdatedArticleTable.Designer.cs", "C#", 0, 0, 522, 0, 0, 0, 0, 0, 0, 2, 190, 714
"c:\Users\USER\Documents\GitHub\MainDietitianProjectRepo\API\Data\Migrations\20250330212312_UpdatedArticleTable.cs", "C#", 0, 0, 24, 0, 0, 0, 0, 0, 0, 3, 4, 31
"c:\Users\USER\Documents\GitHub\MainDietitianProjectRepo\API\Data\Migrations\DataContextModelSnapshot.cs", "C#", 0, 0, 520, 0, 0, 0, 0, 0, 0, 1, 190, 711
"c:\Users\USER\Documents\GitHub\MainDietitianProjectRepo\API\Data\Note.cs", "C#", 0, 0, 11, 0, 0, 0, 0, 0, 0, 0, 3, 14
"c:\Users\USER\Documents\GitHub\MainDietitianProjectRepo\API\Data\Recipe.cs", "C#", 0, 0, 15, 0, 0, 0, 0, 0, 0, 0, 0, 15
"c:\Users\USER\Documents\GitHub\MainDietitianProjectRepo\API\Data\Review.cs", "C#", 0, 0, 16, 0, 0, 0, 0, 0, 0, 0, 0, 16
"c:\Users\USER\Documents\GitHub\MainDietitianProjectRepo\API\Data\Role.cs", "C#", 0, 0, 13, 0, 0, 0, 0, 0, 0, 1, 4, 18
"c:\Users\USER\Documents\GitHub\MainDietitianProjectRepo\API\Data\User.cs", "C#", 0, 0, 20, 0, 0, 0, 0, 0, 0, 0, 5, 25
"c:\Users\USER\Documents\GitHub\MainDietitianProjectRepo\API\Data\UserDiet.cs", "C#", 0, 0, 10, 0, 0, 0, 0, 0, 0, 0, 1, 11
"c:\Users\USER\Documents\GitHub\MainDietitianProjectRepo\API\Data\UserRole.cs", "C#", 0, 0, 8, 0, 0, 0, 0, 0, 0, 2, 4, 14
"c:\Users\USER\Documents\GitHub\MainDietitianProjectRepo\API\DependencyInjection.cs", "C#", 0, 0, 83, 0, 0, 0, 0, 0, 0, 2, 26, 111
"c:\Users\USER\Documents\GitHub\MainDietitianProjectRepo\API\Endpoints.cs", "C#", 0, 0, 121, 0, 0, 0, 0, 0, 0, 0, 24, 145
"c:\Users\USER\Documents\GitHub\MainDietitianProjectRepo\API\Extensions\HttpContextExtensions.cs", "C#", 0, 0, 16, 0, 0, 0, 0, 0, 0, 0, 3, 19
"c:\Users\USER\Documents\GitHub\MainDietitianProjectRepo\API\Helpers\UpdatingEntitiesHelperFunction.cs", "C#", 0, 0, 25, 0, 0, 0, 0, 0, 0, 2, 6, 33
"c:\Users\USER\Documents\GitHub\MainDietitianProjectRepo\API\Helpers\UserHelperFunctions.cs", "C#", 0, 0, 14, 0, 0, 0, 0, 0, 0, 1, 1, 16
"c:\Users\USER\Documents\GitHub\MainDietitianProjectRepo\API\Mappings\DietTypeMappings.cs", "C#", 0, 0, 18, 0, 0, 0, 0, 0, 0, 0, 5, 23
"c:\Users\USER\Documents\GitHub\MainDietitianProjectRepo\API\MobileMessaging\DefaultOtpCache.cs", "C#", 0, 0, 40, 0, 0, 0, 0, 0, 0, 0, 7, 47
"c:\Users\USER\Documents\GitHub\MainDietitianProjectRepo\API\MobileMessaging\DefaultOtpGenerator.cs", "C#", 0, 0, 16, 0, 0, 0, 0, 0, 0, 0, 2, 18
"c:\Users\USER\Documents\GitHub\MainDietitianProjectRepo\API\MobileMessaging\EmailSettings.cs", "C#", 0, 0, 13, 0, 0, 0, 0, 0, 0, 0, 0, 13
"c:\Users\USER\Documents\GitHub\MainDietitianProjectRepo\API\MobileMessaging\Interfaces\IMessagingService.cs", "C#", 0, 0, 7, 0, 0, 0, 0, 0, 0, 0, 0, 7
"c:\Users\USER\Documents\GitHub\MainDietitianProjectRepo\API\MobileMessaging\Interfaces\IOtpCache.cs", "C#", 0, 0, 10, 0, 0, 0, 0, 0, 0, 0, 1, 11
"c:\Users\USER\Documents\GitHub\MainDietitianProjectRepo\API\MobileMessaging\Interfaces\IOtpGenerator.cs", "C#", 0, 0, 7, 0, 0, 0, 0, 0, 0, 0, 0, 7
"c:\Users\USER\Documents\GitHub\MainDietitianProjectRepo\API\MobileMessaging\MessagingService.cs", "C#", 0, 0, 47, 0, 0, 0, 0, 0, 0, 0, 6, 53
"c:\Users\USER\Documents\GitHub\MainDietitianProjectRepo\API\Models\Advice\AdviceDto.cs", "C#", 0, 0, 10, 0, 0, 0, 0, 0, 0, 0, 1, 11
"c:\Users\USER\Documents\GitHub\MainDietitianProjectRepo\API\Models\Advice\CreateAdviceDto.cs", "C#", 0, 0, 8, 0, 0, 0, 0, 0, 0, 0, 1, 9
"c:\Users\USER\Documents\GitHub\MainDietitianProjectRepo\API\Models\Advice\UpdateAdviceDto.cs", "C#", 0, 0, 9, 0, 0, 0, 0, 0, 0, 0, 0, 9
"c:\Users\USER\Documents\GitHub\MainDietitianProjectRepo\API\Models\Appointments\AppointmentDto.cs", "C#", 0, 0, 10, 0, 0, 0, 0, 0, 0, 0, 0, 10
"c:\Users\USER\Documents\GitHub\MainDietitianProjectRepo\API\Models\Appointments\MakeAnAppointmentDto.cs", "C#", 0, 0, 8, 0, 0, 0, 0, 0, 0, 0, 1, 9
"c:\Users\USER\Documents\GitHub\MainDietitianProjectRepo\API\Models\Articles\ArticleDto.cs", "C#", 0, 0, 11, 0, 0, 0, 0, 0, 0, 0, 0, 11
"c:\Users\USER\Documents\GitHub\MainDietitianProjectRepo\API\Models\Articles\CreateArticleDto.cs", "C#", 0, 0, 13, 0, 0, 0, 0, 0, 0, 0, 1, 14
"c:\Users\USER\Documents\GitHub\MainDietitianProjectRepo\API\Models\Articles\UpdateArticleDto.cs", "C#", 0, 0, 10, 0, 0, 0, 0, 0, 0, 0, 0, 10
"c:\Users\USER\Documents\GitHub\MainDietitianProjectRepo\API\Models\DietTypes\DietTypeDto.cs", "C#", 0, 0, 7, 0, 0, 0, 0, 0, 0, 0, 4, 11
"c:\Users\USER\Documents\GitHub\MainDietitianProjectRepo\API\Models\Diets\CreateDietDto.cs", "C#", 0, 0, 26, 0, 0, 0, 0, 0, 0, 0, 6, 32
"c:\Users\USER\Documents\GitHub\MainDietitianProjectRepo\API\Models\Diets\DietDto.cs", "C#", 0, 0, 12, 0, 0, 0, 0, 0, 0, 0, 5, 17
"c:\Users\USER\Documents\GitHub\MainDietitianProjectRepo\API\Models\Diets\UpdateDietDto.cs", "C#", 0, 0, 11, 0, 0, 0, 0, 0, 0, 0, 2, 13
"c:\Users\USER\Documents\GitHub\MainDietitianProjectRepo\API\Models\ForgetPassword\ChangePasswordDto.cs", "C#", 0, 0, 9, 0, 0, 0, 0, 0, 0, 0, 0, 9
"c:\Users\USER\Documents\GitHub\MainDietitianProjectRepo\API\Models\ForgetPassword\OtpVerificationDto.cs", "C#", 0, 0, 8, 0, 0, 0, 0, 0, 0, 0, 1, 9
"c:\Users\USER\Documents\GitHub\MainDietitianProjectRepo\API\Models\ForgetPassword\SendOtpDto.cs", "C#", 0, 0, 7, 0, 0, 0, 0, 0, 0, 0, 0, 7
"c:\Users\USER\Documents\GitHub\MainDietitianProjectRepo\API\Models\Metrics\AddMetricsDto.cs", "C#", 0, 0, 10, 0, 0, 0, 0, 0, 0, 0, 1, 11
"c:\Users\USER\Documents\GitHub\MainDietitianProjectRepo\API\Models\Metrics\EditMetricsDto.cs", "C#", 0, 0, 10, 0, 0, 0, 0, 0, 0, 0, 1, 11
"c:\Users\USER\Documents\GitHub\MainDietitianProjectRepo\API\Models\Metrics\MetricsDto.cs", "C#", 0, 0, 12, 0, 0, 0, 0, 0, 0, 0, 1, 13
"c:\Users\USER\Documents\GitHub\MainDietitianProjectRepo\API\Models\Metrics\SearchMetricsDto.cs", "C#", 0, 0, 8, 0, 0, 0, 0, 0, 0, 0, 2, 10
"c:\Users\USER\Documents\GitHub\MainDietitianProjectRepo\API\Models\Notes\CreateNoteDto.cs", "C#", 0, 0, 8, 0, 0, 0, 0, 0, 0, 0, 0, 8
"c:\Users\USER\Documents\GitHub\MainDietitianProjectRepo\API\Models\Notes\NoteDto.cs", "C#", 0, 0, 10, 0, 0, 0, 0, 0, 0, 0, 0, 10
"c:\Users\USER\Documents\GitHub\MainDietitianProjectRepo\API\Models\Notes\UpdateNoteDto.cs", "C#", 0, 0, 8, 0, 0, 0, 0, 0, 0, 0, 0, 8
"c:\Users\USER\Documents\GitHub\MainDietitianProjectRepo\API\Models\Recipes\CreateRecipeDto.cs", "C#", 0, 0, 17, 0, 0, 0, 0, 0, 0, 0, 1, 18
"c:\Users\USER\Documents\GitHub\MainDietitianProjectRepo\API\Models\Recipes\RecipesDto.cs", "C#", 0, 0, 19, 0, 0, 0, 0, 0, 0, 0, 1, 20
"c:\Users\USER\Documents\GitHub\MainDietitianProjectRepo\API\Models\Recipes\UpdateRecipeDto.cs", "C#", 0, 0, 18, 0, 0, 0, 0, 0, 0, 0, 1, 19
"c:\Users\USER\Documents\GitHub\MainDietitianProjectRepo\API\Models\Reports\ReportsViewDto.cs", "C#", 0, 0, 19, 0, 0, 0, 0, 0, 0, 0, 2, 21
"c:\Users\USER\Documents\GitHub\MainDietitianProjectRepo\API\Models\Review\CreateReviewDto.cs", "C#", 0, 0, 14, 0, 0, 0, 0, 0, 0, 0, 1, 15
"c:\Users\USER\Documents\GitHub\MainDietitianProjectRepo\API\Models\Review\ReviewDto.cs", "C#", 0, 0, 18, 0, 0, 0, 0, 0, 0, 0, 1, 19
"c:\Users\USER\Documents\GitHub\MainDietitianProjectRepo\API\Models\Review\UpdateReviewDto.cs", "C#", 0, 0, 16, 0, 0, 0, 0, 0, 0, 0, 1, 17
"c:\Users\USER\Documents\GitHub\MainDietitianProjectRepo\API\Models\Templates\CreateTemplateDto.cs", "C#", 0, 0, 18, 0, 0, 0, 0, 0, 0, 0, 2, 20
"c:\Users\USER\Documents\GitHub\MainDietitianProjectRepo\API\Models\Templates\TemplateBriefDto.cs", "C#", 0, 0, 10, 0, 0, 0, 0, 0, 0, 0, 0, 10
"c:\Users\USER\Documents\GitHub\MainDietitianProjectRepo\API\Models\Templates\TemplateDto.cs", "C#", 0, 0, 25, 0, 0, 0, 0, 0, 0, 0, 2, 27
"c:\Users\USER\Documents\GitHub\MainDietitianProjectRepo\API\Models\Templates\UpdateTemplateDto.cs", "C#", 0, 0, 21, 0, 0, 0, 0, 0, 0, 0, 2, 23
"c:\Users\USER\Documents\GitHub\MainDietitianProjectRepo\API\Models\Users\LoginUserDto.cs", "C#", 0, 0, 8, 0, 0, 0, 0, 0, 0, 0, 0, 8
"c:\Users\USER\Documents\GitHub\MainDietitianProjectRepo\API\Models\Users\RegisterClientDto.cs", "C#", 0, 0, 13, 0, 0, 0, 0, 0, 0, 0, 3, 16
"c:\Users\USER\Documents\GitHub\MainDietitianProjectRepo\API\Models\Users\UserDto.cs", "C#", 0, 0, 8, 0, 0, 0, 0, 0, 0, 0, 3, 11
"c:\Users\USER\Documents\GitHub\MainDietitianProjectRepo\API\Models\Users\UserProfileDto.cs", "C#", 0, 0, 18, 0, 0, 0, 0, 0, 0, 0, 2, 20
"c:\Users\USER\Documents\GitHub\MainDietitianProjectRepo\API\Models\Users\UserProfileDtoWithId.cs", "C#", 0, 0, 19, 0, 0, 0, 0, 0, 0, 0, 2, 21
"c:\Users\USER\Documents\GitHub\MainDietitianProjectRepo\API\Models\Users\UserProfileUpdateDto.cs", "C#", 0, 0, 19, 0, 0, 0, 0, 0, 0, 0, 2, 21
"c:\Users\USER\Documents\GitHub\MainDietitianProjectRepo\API\Program.cs", "C#", 0, 0, 34, 0, 0, 0, 0, 0, 0, 7, 18, 59
"c:\Users\USER\Documents\GitHub\MainDietitianProjectRepo\API\Properties\launchSettings.json", "JSON", 0, 14, 0, 0, 0, 0, 0, 0, 0, 0, 1, 15
"c:\Users\USER\Documents\GitHub\MainDietitianProjectRepo\API\Repositories\AdviceRepository.cs", "C#", 0, 0, 39, 0, 0, 0, 0, 0, 0, 0, 7, 46
"c:\Users\USER\Documents\GitHub\MainDietitianProjectRepo\API\Repositories\AppointmentRepository.cs", "C#", 0, 0, 40, 0, 0, 0, 0, 0, 0, 0, 11, 51
"c:\Users\USER\Documents\GitHub\MainDietitianProjectRepo\API\Repositories\ArticleRepository.cs", "C#", 0, 0, 41, 0, 0, 0, 0, 0, 0, 0, 7, 48
"c:\Users\USER\Documents\GitHub\MainDietitianProjectRepo\API\Repositories\DietRepository.cs", "C#", 0, 0, 85, 0, 0, 0, 0, 0, 0, 2, 23, 110
"c:\Users\USER\Documents\GitHub\MainDietitianProjectRepo\API\Repositories\DietTypeRepository.cs", "C#", 0, 0, 23, 0, 0, 0, 0, 0, 0, 0, 9, 32
"c:\Users\USER\Documents\GitHub\MainDietitianProjectRepo\API\Repositories\IRepositories\IAdviceRepository.cs", "C#", 0, 0, 17, 0, 0, 0, 0, 0, 0, 0, 1, 18
"c:\Users\USER\Documents\GitHub\MainDietitianProjectRepo\API\Repositories\IRepositories\IAppointmentRepository.cs", "C#", 0, 0, 11, 0, 0, 0, 0, 0, 0, 0, 1, 12
"c:\Users\USER\Documents\GitHub\MainDietitianProjectRepo\API\Repositories\IRepositories\IArticleRepository.cs", "C#", 0, 0, 13, 0, 0, 0, 0, 0, 0, 0, 1, 14
"c:\Users\USER\Documents\GitHub\MainDietitianProjectRepo\API\Repositories\IRepositories\IBaseRepository.cs", "C#", 0, 0, 7, 0, 0, 0, 0, 0, 0, 0, 0, 7
"c:\Users\USER\Documents\GitHub\MainDietitianProjectRepo\API\Repositories\IRepositories\IDietRepository.cs", "C#", 0, 0, 17, 0, 0, 0, 0, 0, 0, 0, 6, 23
"c:\Users\USER\Documents\GitHub\MainDietitianProjectRepo\API\Repositories\IRepositories\IDietTypeRepository.cs", "C#", 0, 0, 7, 0, 0, 0, 0, 0, 0, 0, 4, 11
"c:\Users\USER\Documents\GitHub\MainDietitianProjectRepo\API\Repositories\IRepositories\IMetricsRepository.cs", "C#", 0, 0, 11, 0, 0, 0, 0, 0, 0, 0, 1, 12
"c:\Users\USER\Documents\GitHub\MainDietitianProjectRepo\API\Repositories\IRepositories\INoteRepository.cs", "C#", 0, 0, 13, 0, 0, 0, 0, 0, 0, 0, 1, 14
"c:\Users\USER\Documents\GitHub\MainDietitianProjectRepo\API\Repositories\IRepositories\IRecipeRepository.cs", "C#", 0, 0, 12, 0, 0, 0, 0, 0, 0, 3, 6, 21
"c:\Users\USER\Documents\GitHub\MainDietitianProjectRepo\API\Repositories\IRepositories\IReportRepository.cs", "C#", 0, 0, 11, 0, 0, 0, 0, 0, 0, 0, 4, 15
"c:\Users\USER\Documents\GitHub\MainDietitianProjectRepo\API\Repositories\IRepositories\IReviewRepository.cs", "C#", 0, 0, 15, 0, 0, 0, 0, 0, 0, 0, 1, 16
"c:\Users\USER\Documents\GitHub\MainDietitianProjectRepo\API\Repositories\IRepositories\ITemplateRepository.cs", "C#", 0, 0, 11, 0, 0, 0, 0, 0, 0, 0, 1, 12
"c:\Users\USER\Documents\GitHub\MainDietitianProjectRepo\API\Repositories\IRepositories\IUserRepository.cs", "C#", 0, 0, 10, 0, 0, 0, 0, 0, 0, 0, 6, 16
"c:\Users\USER\Documents\GitHub\MainDietitianProjectRepo\API\Repositories\MetricsRepository.cs", "C#", 0, 0, 52, 0, 0, 0, 0, 0, 0, 0, 12, 64
"c:\Users\USER\Documents\GitHub\MainDietitianProjectRepo\API\Repositories\NoteRepository.cs", "C#", 0, 0, 46, 0, 0, 0, 0, 0, 0, 0, 9, 55
"c:\Users\USER\Documents\GitHub\MainDietitianProjectRepo\API\Repositories\RecipeRepository.cs", "C#", 0, 0, 40, 0, 0, 0, 0, 0, 0, 4, 13, 57
"c:\Users\USER\Documents\GitHub\MainDietitianProjectRepo\API\Repositories\ReportRepository.cs", "C#", 0, 0, 61, 0, 0, 0, 0, 0, 0, 0, 18, 79
"c:\Users\USER\Documents\GitHub\MainDietitianProjectRepo\API\Repositories\ReviewRepository.cs", "C#", 0, 0, 51, 0, 0, 0, 0, 0, 0, 0, 12, 63
"c:\Users\USER\Documents\GitHub\MainDietitianProjectRepo\API\Repositories\TemplateRepository.cs", "C#", 0, 0, 41, 0, 0, 0, 0, 0, 0, 0, 6, 47
"c:\Users\USER\Documents\GitHub\MainDietitianProjectRepo\API\Repositories\UserRepository.cs", "C#", 0, 0, 25, 0, 0, 0, 0, 0, 0, 0, 8, 33
"c:\Users\USER\Documents\GitHub\MainDietitianProjectRepo\API\Security\JwtOptions.cs", "C#", 0, 0, 6, 0, 0, 0, 0, 0, 0, 0, 2, 8
"c:\Users\USER\Documents\GitHub\MainDietitianProjectRepo\API\Security\JwtService.cs", "C#", 0, 0, 39, 0, 0, 0, 0, 0, 0, 1, 9, 49
"c:\Users\USER\Documents\GitHub\MainDietitianProjectRepo\API\Services\AdviceService.cs", "C#", 0, 0, 153, 0, 0, 0, 0, 0, 0, 23, 30, 206
"c:\Users\USER\Documents\GitHub\MainDietitianProjectRepo\API\Services\AppointmentService.cs", "C#", 0, 0, 103, 0, 0, 0, 0, 0, 0, 4, 23, 130
"c:\Users\USER\Documents\GitHub\MainDietitianProjectRepo\API\Services\ArticleService.cs", "C#", 0, 0, 148, 0, 0, 0, 0, 0, 0, 0, 22, 170
"c:\Users\USER\Documents\GitHub\MainDietitianProjectRepo\API\Services\DataBackupAndRestoreService.cs", "C#", 0, 0, 312, 0, 0, 0, 0, 0, 0, 26, 45, 383
"c:\Users\USER\Documents\GitHub\MainDietitianProjectRepo\API\Services\DietService.cs", "C#", 0, 0, 280, 0, 0, 0, 0, 0, 0, 22, 65, 367
"c:\Users\USER\Documents\GitHub\MainDietitianProjectRepo\API\Services\DietTypesService.cs", "C#", 0, 0, 19, 0, 0, 0, 0, 0, 0, 0, 5, 24
"c:\Users\USER\Documents\GitHub\MainDietitianProjectRepo\API\Services\IServices\IAdviceService.cs", "C#", 0, 0, 19, 0, 0, 0, 0, 0, 0, 0, 1, 20
"c:\Users\USER\Documents\GitHub\MainDietitianProjectRepo\API\Services\IServices\IAppointmentService.cs", "C#", 0, 0, 12, 0, 0, 0, 0, 0, 0, 1, 1, 14
"c:\Users\USER\Documents\GitHub\MainDietitianProjectRepo\API\Services\IServices\IArticleService.cs", "C#", 0, 0, 14, 0, 0, 0, 0, 0, 0, 0, 1, 15
"c:\Users\USER\Documents\GitHub\MainDietitianProjectRepo\API\Services\IServices\IDataBackupAndRestoreService.cs", "C#", 0, 0, 8, 0, 0, 0, 0, 0, 0, 0, 0, 8
"c:\Users\USER\Documents\GitHub\MainDietitianProjectRepo\API\Services\IServices\IDietService.cs", "C#", 0, 0, 16, 0, 0, 0, 0, 0, 0, 0, 3, 19
"c:\Users\USER\Documents\GitHub\MainDietitianProjectRepo\API\Services\IServices\IDietTypesService.cs", "C#", 0, 0, 9, 0, 0, 0, 0, 0, 0, 0, 3, 12
"c:\Users\USER\Documents\GitHub\MainDietitianProjectRepo\API\Services\IServices\IMetricsService.cs", "C#", 0, 0, 15, 0, 0, 0, 0, 0, 0, 0, 1, 16
"c:\Users\USER\Documents\GitHub\MainDietitianProjectRepo\API\Services\IServices\INoteService.cs", "C#", 0, 0, 13, 0, 0, 0, 0, 0, 0, 0, 1, 14
"c:\Users\USER\Documents\GitHub\MainDietitianProjectRepo\API\Services\IServices\IRecipeService.cs", "C#", 0, 0, 14, 0, 0, 0, 0, 0, 0, 0, 1, 15
"c:\Users\USER\Documents\GitHub\MainDietitianProjectRepo\API\Services\IServices\IReportService.cs", "C#", 0, 0, 13, 0, 0, 0, 0, 0, 0, 0, 4, 17
"c:\Users\USER\Documents\GitHub\MainDietitianProjectRepo\API\Services\IServices\IReviewService.cs", "C#", 0, 0, 16, 0, 0, 0, 0, 0, 0, 0, 0, 16
"c:\Users\USER\Documents\GitHub\MainDietitianProjectRepo\API\Services\IServices\ITemplateService.cs", "C#", 0, 0, 14, 0, 0, 0, 0, 0, 0, 0, 1, 15
"c:\Users\USER\Documents\GitHub\MainDietitianProjectRepo\API\Services\IServices\IUserService.cs", "C#", 0, 0, 21, 0, 0, 0, 0, 0, 0, 0, 3, 24
"c:\Users\USER\Documents\GitHub\MainDietitianProjectRepo\API\Services\MetricsService.cs", "C#", 0, 0, 143, 0, 0, 0, 0, 0, 0, 11, 25, 179
"c:\Users\USER\Documents\GitHub\MainDietitianProjectRepo\API\Services\NoteService.cs", "C#", 0, 0, 156, 0, 0, 0, 0, 0, 0, 0, 24, 180
"c:\Users\USER\Documents\GitHub\MainDietitianProjectRepo\API\Services\RecipeService.cs", "C#", 0, 0, 205, 0, 0, 0, 0, 0, 0, 10, 32, 247
"c:\Users\USER\Documents\GitHub\MainDietitianProjectRepo\API\Services\ReportService.cs", "C#", 0, 0, 140, 0, 0, 0, 0, 0, 0, 1, 9, 150
"c:\Users\USER\Documents\GitHub\MainDietitianProjectRepo\API\Services\ReviewService.cs", "C#", 0, 0, 248, 0, 0, 0, 0, 0, 0, 24, 33, 305
"c:\Users\USER\Documents\GitHub\MainDietitianProjectRepo\API\Services\TemplateService.cs", "C#", 0, 0, 200, 0, 0, 0, 0, 0, 0, 9, 31, 240
"c:\Users\USER\Documents\GitHub\MainDietitianProjectRepo\API\Services\UserService.cs", "C#", 0, 0, 472, 0, 0, 0, 0, 0, 0, 21, 77, 570
"c:\Users\USER\Documents\GitHub\MainDietitianProjectRepo\API\Validators\FullNameValidator.cs", "C#", 0, 0, 26, 0, 0, 0, 0, 0, 0, 0, 5, 31
"c:\Users\USER\Documents\GitHub\MainDietitianProjectRepo\API\appsettings.Development.json", "JSON", 0, 8, 0, 0, 0, 0, 0, 0, 0, 0, 1, 9
"c:\Users\USER\Documents\GitHub\MainDietitianProjectRepo\API\appsettings.json", "JSON", 0, 25, 0, 0, 0, 0, 0, 0, 0, 0, 1, 26
"c:\Users\USER\Documents\GitHub\MainDietitianProjectRepo\API\docker-compose.yml", "YAML", 0, 0, 0, 0, 0, 0, 0, 0, 9, 0, 0, 9
"c:\Users\USER\Documents\GitHub\MainDietitianProjectRepo\API\package-lock.json", "JSON", 0, 6, 0, 0, 0, 0, 0, 0, 0, 0, 1, 7
"c:\Users\USER\Documents\GitHub\MainDietitianProjectRepo\client\README.md", "Markdown", 0, 0, 0, 0, 14, 0, 0, 0, 0, 0, 14, 28
"c:\Users\USER\Documents\GitHub\MainDietitianProjectRepo\client\angular.json", "JSON", 0, 118, 0, 0, 0, 0, 0, 0, 0, 0, 2, 120
"c:\Users\USER\Documents\GitHub\MainDietitianProjectRepo\client\package-lock.json", "JSON", 0, 14454, 0, 0, 0, 0, 0, 0, 0, 0, 1, 14455
"c:\Users\USER\Documents\GitHub\MainDietitianProjectRepo\client\package.json", "JSON", 0, 44, 0, 0, 0, 0, 0, 0, 0, 0, 1, 45
"c:\Users\USER\Documents\GitHub\MainDietitianProjectRepo\client\src\app\Middlewares\error-middlewares.ts", "TypeScript", 0, 0, 0, 0, 0, 26, 0, 0, 0, 0, 4, 30
"c:\Users\USER\Documents\GitHub\MainDietitianProjectRepo\client\src\app\app.component.css", "CSS", 0, 0, 0, 0, 0, 0, 0, 0, 0, 0, 1, 1
"c:\Users\USER\Documents\GitHub\MainDietitianProjectRepo\client\src\app\app.component.html", "HTML", 0, 0, 0, 0, 0, 0, 0, 2, 0, 0, 2, 4
"c:\Users\USER\Documents\GitHub\MainDietitianProjectRepo\client\src\app\app.component.spec.ts", "TypeScript", 0, 0, 0, 0, 0, 25, 0, 0, 0, 0, 5, 30
"c:\Users\USER\Documents\GitHub\MainDietitianProjectRepo\client\src\app\app.component.ts", "TypeScript", 0, 0, 0, 0, 0, 24, 0, 0, 0, 2, 4, 30
"c:\Users\USER\Documents\GitHub\MainDietitianProjectRepo\client\src\app\app.config.ts", "TypeScript", 0, 0, 0, 0, 0, 18, 0, 0, 0, 0, 3, 21
"c:\Users\USER\Documents\GitHub\MainDietitianProjectRepo\client\src\app\app.routes.ts", "TypeScript", 0, 0, 0, 0, 0, 108, 0, 0, 0, 3, 20, 131
"c:\Users\USER\Documents\GitHub\MainDietitianProjectRepo\client\src\app\components\confirmation-window\confirmation-window.component.css", "CSS", 0, 0, 0, 0, 0, 0, 38, 0, 0, 0, 9, 47
"c:\Users\USER\Documents\GitHub\MainDietitianProjectRepo\client\src\app\components\confirmation-window\confirmation-window.component.html", "HTML", 0, 0, 0, 0, 0, 0, 0, 12, 0, 0, 0, 12
"c:\Users\USER\Documents\GitHub\MainDietitianProjectRepo\client\src\app\components\confirmation-window\confirmation-window.component.ts", "TypeScript", 0, 0, 0, 0, 0, 20, 0, 0, 0, 0, 4, 24
"c:\Users\USER\Documents\GitHub\MainDietitianProjectRepo\client\src\app\components\error\error.component.css", "CSS", 0, 0, 0, 0, 0, 0, 0, 0, 0, 0, 1, 1
"c:\Users\USER\Documents\GitHub\MainDietitianProjectRepo\client\src\app\components\error\error.component.html", "HTML", 0, 0, 0, 0, 0, 0, 0, 3, 0, 0, 1, 4
"c:\Users\USER\Documents\GitHub\MainDietitianProjectRepo\client\src\app\components\error\error.component.ts", "TypeScript", 0, 0, 0, 0, 0, 13, 0, 0, 0, 0, 2, 15
"c:\Users\USER\Documents\GitHub\MainDietitianProjectRepo\client\src\app\components\nav-bar\nav-bar.component.css", "CSS", 0, 0, 0, 0, 0, 0, 78, 0, 0, 0, 9, 87
"c:\Users\USER\Documents\GitHub\MainDietitianProjectRepo\client\src\app\components\nav-bar\nav-bar.component.html", "HTML", 0, 0, 0, 0, 0, 0, 0, 31, 0, 1, 3, 35
"c:\Users\USER\Documents\GitHub\MainDietitianProjectRepo\client\src\app\components\nav-bar\nav-bar.component.ts", "TypeScript", 0, 0, 0, 0, 0, 28, 0, 0, 0, 0, 9, 37
"c:\Users\USER\Documents\GitHub\MainDietitianProjectRepo\client\src\app\components\page-footer\page-footer.component.css", "CSS", 0, 0, 0, 0, 0, 0, 51, 0, 0, 12, 18, 81
"c:\Users\USER\Documents\GitHub\MainDietitianProjectRepo\client\src\app\components\page-footer\page-footer.component.html", "HTML", 0, 0, 0, 0, 0, 0, 0, 18, 0, 0, 1, 19
"c:\Users\USER\Documents\GitHub\MainDietitianProjectRepo\client\src\app\components\page-footer\page-footer.component.ts", "TypeScript", 0, 0, 0, 0, 0, 11, 0, 0, 0, 0, 2, 13
"c:\Users\USER\Documents\GitHub\MainDietitianProjectRepo\client\src\app\components\primary-dropdown-input\dropdown-item.ts", "TypeScript", 0, 0, 0, 0, 0, 4, 0, 0, 0, 0, 0, 4
"c:\Users\USER\Documents\GitHub\MainDietitianProjectRepo\client\src\app\components\primary-dropdown-input\primary-dropdown-input.component.css", "CSS", 0, 0, 0, 0, 0, 0, 27, 0, 0, 56, 4, 87
"c:\Users\USER\Documents\GitHub\MainDietitianProjectRepo\client\src\app\components\primary-dropdown-input\primary-dropdown-input.component.html", "HTML", 0, 0, 0, 0, 0, 0, 0, 13, 0, 0, 0, 13
"c:\Users\USER\Documents\GitHub\MainDietitianProjectRepo\client\src\app\components\primary-dropdown-input\primary-dropdown-input.component.ts", "TypeScript", 0, 0, 0, 0, 0, 19, 0, 0, 0, 0, 2, 21
"c:\Users\USER\Documents\GitHub\MainDietitianProjectRepo\client\src\app\components\primary-input-field\primary-input-field.component.css", "CSS", 0, 0, 0, 0, 0, 0, 20, 0, 0, 0, 3, 23
"c:\Users\USER\Documents\GitHub\MainDietitianProjectRepo\client\src\app\components\primary-input-field\primary-input-field.component.html", "HTML", 0, 0, 0, 0, 0, 0, 0, 11, 0, 0, 1, 12
"c:\Users\USER\Documents\GitHub\MainDietitianProjectRepo\client\src\app\components\primary-input-field\primary-input-field.component.ts", "TypeScript", 0, 0, 0, 0, 0, 21, 0, 0, 0, 0, 3, 24
"c:\Users\USER\Documents\GitHub\MainDietitianProjectRepo\client\src\app\components\reactive-form-error\reactive-form-error.component.css", "CSS", 0, 0, 0, 0, 0, 0, 0, 0, 0, 0, 1, 1
"c:\Users\USER\Documents\GitHub\MainDietitianProjectRepo\client\src\app\components\reactive-form-error\reactive-form-error.component.html", "HTML", 0, 0, 0, 0, 0, 0, 0, 4, 0, 0, 2, 6
"c:\Users\USER\Documents\GitHub\MainDietitianProjectRepo\client\src\app\components\reactive-form-error\reactive-form-error.component.ts", "TypeScript", 0, 0, 0, 0, 0, 22, 0, 0, 0, 0, 5, 27
"c:\Users\USER\Documents\GitHub\MainDietitianProjectRepo\client\src\app\components\wavy-svg\wavy-svg.component.css", "CSS", 0, 0, 0, 0, 0, 0, 16, 0, 0, 0, 5, 21
"c:\Users\USER\Documents\GitHub\MainDietitianProjectRepo\client\src\app\components\wavy-svg\wavy-svg.component.html", "HTML", 0, 0, 0, 0, 0, 0, 0, 19, 0, 0, 0, 19
"c:\Users\USER\Documents\GitHub\MainDietitianProjectRepo\client\src\app\components\wavy-svg\wavy-svg.component.ts", "TypeScript", 0, 0, 0, 0, 0, 10, 0, 0, 0, 0, 3, 13
"c:\Users\USER\Documents\GitHub\MainDietitianProjectRepo\client\src\app\environments\environment.development.ts", "TypeScript", 0, 0, 0, 0, 0, 4, 0, 0, 0, 0, 0, 4
"c:\Users\USER\Documents\GitHub\MainDietitianProjectRepo\client\src\app\environments\environment.ts", "TypeScript", 0, 0, 0, 0, 0, 4, 0, 0, 0, 0, 0, 4
"c:\Users\USER\Documents\GitHub\MainDietitianProjectRepo\client\src\app\guards\admin.guard.ts", "TypeScript", 0, 0, 0, 0, 0, 17, 0, 0, 0, 0, 3, 20
"c:\Users\USER\Documents\GitHub\MainDietitianProjectRepo\client\src\app\guards\auth.guard.ts", "TypeScript", 0, 0, 0, 0, 0, 17, 0, 0, 0, 0, 3, 20
"c:\Users\USER\Documents\GitHub\MainDietitianProjectRepo\client\src\app\guards\client.guard.ts", "TypeScript", 0, 0, 0, 0, 0, 17, 0, 0, 0, 0, 3, 20
"c:\Users\USER\Documents\GitHub\MainDietitianProjectRepo\client\src\app\guards\non-auth.guard.ts", "TypeScript", 0, 0, 0, 0, 0, 17, 0, 0, 0, 0, 3, 20
"c:\Users\USER\Documents\GitHub\MainDietitianProjectRepo\client\src\app\interceptors\auth.interceptor.ts", "TypeScript", 0, 0, 0, 0, 0, 20, 0, 0, 0, 1, 4, 25
"c:\Users\USER\Documents\GitHub\MainDietitianProjectRepo\client\src\app\models\Reports\Appointments.ts", "TypeScript", 0, 0, 0, 0, 0, 6, 0, 0, 0, 0, 0, 6
"c:\Users\USER\Documents\GitHub\MainDietitianProjectRepo\client\src\app\models\Reports\ReportsData.ts", "TypeScript", 0, 0, 0, 0, 0, 22, 0, 0, 0, 0, 2, 24
"c:\Users\USER\Documents\GitHub\MainDietitianProjectRepo\client\src\app\models\advice\advice-to-add.ts", "TypeScript", 0, 0, 0, 0, 0, 4, 0, 0, 0, 0, 0, 4
"c:\Users\USER\Documents\GitHub\MainDietitianProjectRepo\client\src\app\models\advice\advice-to-edit.ts", "TypeScript", 0, 0, 0, 0, 0, 5, 0, 0, 0, 0, 0, 5
"c:\Users\USER\Documents\GitHub\MainDietitianProjectRepo\client\src\app\models\advice\advice-to-view.ts", "TypeScript", 0, 0, 0, 0, 0, 6, 0, 0, 0, 0, 0, 6
"c:\Users\USER\Documents\GitHub\MainDietitianProjectRepo\client\src\app\models\advice\advice.ts", "TypeScript", 0, 0, 0, 0, 0, 6, 0, 0, 0, 0, 0, 6
"c:\Users\USER\Documents\GitHub\MainDietitianProjectRepo\client\src\app\models\appointments\appointment-to-add.ts", "TypeScript", 0, 0, 0, 0, 0, 4, 0, 0, 0, 0, 0, 4
"c:\Users\USER\Documents\GitHub\MainDietitianProjectRepo\client\src\app\models\appointments\appointment.ts", "TypeScript", 0, 0, 0, 0, 0, 6, 0, 0, 0, 0, 0, 6
"c:\Users\USER\Documents\GitHub\MainDietitianProjectRepo\client\src\app\models\appointments\appointments-to-edit.ts", "TypeScript", 0, 0, 0, 0, 0, 5, 0, 0, 0, 0, 0, 5
"c:\Users\USER\Documents\GitHub\MainDietitianProjectRepo\client\src\app\models\articles\add-article.ts", "TypeScript", 0, 0, 0, 0, 0, 5, 0, 0, 0, 0, 0, 5
"c:\Users\USER\Documents\GitHub\MainDietitianProjectRepo\client\src\app\models\articles\returned-article.ts", "TypeScript", 0, 0, 0, 0, 0, 7, 0, 0, 0, 0, 0, 7
"c:\Users\USER\Documents\GitHub\MainDietitianProjectRepo\client\src\app\models\articles\update-article.ts", "TypeScript", 0, 0, 0, 0, 0, 6, 0, 0, 0, 0, 0, 6
"c:\Users\USER\Documents\GitHub\MainDietitianProjectRepo\client\src\app\models\client-management\client-profile.ts", "TypeScript", 0, 0, 0, 0, 0, 10, 0, 0, 0, 1, 1, 12
"c:\Users\USER\Documents\GitHub\MainDietitianProjectRepo\client\src\app\models\client-management\client-update.ts", "TypeScript", 0, 0, 0, 0, 0, 8, 0, 0, 0, 0, 0, 8
"c:\Users\USER\Documents\GitHub\MainDietitianProjectRepo\client\src\app\models\client-management\client-view-profile.ts", "TypeScript", 0, 0, 0, 0, 0, 9, 0, 0, 0, 0, 0, 9
"c:\Users\USER\Documents\GitHub\MainDietitianProjectRepo\client\src\app\models\diet-type.ts", "TypeScript", 0, 0, 0, 0, 0, 5, 0, 0, 0, 0, 0, 5
"c:\Users\USER\Documents\GitHub\MainDietitianProjectRepo\client\src\app\models\diets\diet.ts", "TypeScript", 0, 0, 0, 0, 0, 29, 0, 0, 0, 0, 5, 34
"c:\Users\USER\Documents\GitHub\MainDietitianProjectRepo\client\src\app\models\diets\diets-to-add.ts", "TypeScript", 0, 0, 0, 0, 0, 12, 0, 0, 0, 11, 2, 25
"c:\Users\USER\Documents\GitHub\MainDietitianProjectRepo\client\src\app\models\diets\diets-to-edit.ts", "TypeScript", 0, 0, 0, 0, 0, 13, 0, 0, 0, 9, 1, 23
"c:\Users\USER\Documents\GitHub\MainDietitianProjectRepo\client\src\app\models\http-error.ts", "TypeScript", 0, 0, 0, 0, 0, 8, 0, 0, 0, 0, 1, 9
"c:\Users\USER\Documents\GitHub\MainDietitianProjectRepo\client\src\app\models\login-data.ts", "TypeScript", 0, 0, 0, 0, 0, 5, 0, 0, 0, 0, 0, 5
"c:\Users\USER\Documents\GitHub\MainDietitianProjectRepo\client\src\app\models\metrics\metrics-to-add.ts", "TypeScript", 0, 0, 0, 0, 0, 6, 0, 0, 0, 0, 0, 6
"c:\Users\USER\Documents\GitHub\MainDietitianProjectRepo\client\src\app\models\metrics\metrics-to-edit.ts", "TypeScript", 0, 0, 0, 0, 0, 6, 0, 0, 0, 0, 0, 6
"c:\Users\USER\Documents\GitHub\MainDietitianProjectRepo\client\src\app\models\metrics\metrics.ts", "TypeScript", 0, 0, 0, 0, 0, 8, 0, 0, 0, 0, 1, 9
"c:\Users\USER\Documents\GitHub\MainDietitianProjectRepo\client\src\app\models\notes\note-to-add.ts", "TypeScript", 0, 0, 0, 0, 0, 4, 0, 0, 0, 0, 0, 4
"c:\Users\USER\Documents\GitHub\MainDietitianProjectRepo\client\src\app\models\notes\note-to-edit.ts", "TypeScript", 0, 0, 0, 0, 0, 4, 0, 0, 0, 0, 0, 4
"c:\Users\USER\Documents\GitHub\MainDietitianProjectRepo\client\src\app\models\notes\note.ts", "TypeScript", 0, 0, 0, 0, 0, 6, 0, 0, 0, 0, 0, 6
"c:\Users\USER\Documents\GitHub\MainDietitianProjectRepo\client\src\app\models\recipes\RecipeAdd.ts", "TypeScript", 0, 0, 0, 0, 0, 9, 0, 0, 0, 0, 0, 9
"c:\Users\USER\Documents\GitHub\MainDietitianProjectRepo\client\src\app\models\recipes\RecipeAll.ts", "TypeScript", 0, 0, 0, 0, 0, 11, 0, 0, 0, 0, 0, 11
"c:\Users\USER\Documents\GitHub\MainDietitianProjectRepo\client\src\app\models\recipes\RecipeEdit.ts", "TypeScript", 0, 0, 0, 0, 0, 11, 0, 0, 0, 0, 0, 11
"c:\Users\USER\Documents\GitHub\MainDietitianProjectRepo\client\src\app\models\recipes\RecipeView.ts", "TypeScript", 0, 0, 0, 0, 0, 11, 0, 0, 0, 0, 0, 11
"c:\Users\USER\Documents\GitHub\MainDietitianProjectRepo\client\src\app\models\register.data.ts", "TypeScript", 0, 0, 0, 0, 0, 10, 0, 0, 0, 0, 0, 10
"c:\Users\USER\Documents\GitHub\MainDietitianProjectRepo\client\src\app\models\reviews\reviews-to-add.ts", "TypeScript", 0, 0, 0, 0, 0, 5, 0, 0, 0, 0, 0, 5
"c:\Users\USER\Documents\GitHub\MainDietitianProjectRepo\client\src\app\models\reviews\reviews-to-edit.ts", "TypeScript", 0, 0, 0, 0, 0, 6, 0, 0, 0, 0, 0, 6
"c:\Users\USER\Documents\GitHub\MainDietitianProjectRepo\client\src\app\models\reviews\reviews-to-view.ts", "TypeScript", 0, 0, 0, 0, 0, 10, 0, 0, 0, 0, 0, 10
"c:\Users\USER\Documents\GitHub\MainDietitianProjectRepo\client\src\app\models\reviews\reviews.ts", "TypeScript", 0, 0, 0, 0, 0, 10, 0, 0, 0, 0, 0, 10
"c:\Users\USER\Documents\GitHub\MainDietitianProjectRepo\client\src\app\models\user.ts", "TypeScript", 0, 0, 0, 0, 0, 5, 0, 0, 0, 0, 0, 5
"c:\Users\USER\Documents\GitHub\MainDietitianProjectRepo\client\src\app\pages\Diets\add-diets\add-diets.component.css", "CSS", 0, 0, 0, 0, 0, 0, 133, 0, 0, 0, 21, 154
"c:\Users\USER\Documents\GitHub\MainDietitianProjectRepo\client\src\app\pages\Diets\add-diets\add-diets.component.html", "HTML", 0, 0, 0, 0, 0, 0, 0, 271, 0, 7, 11, 289
"c:\Users\USER\Documents\GitHub\MainDietitianProjectRepo\client\src\app\pages\Diets\add-diets\add-diets.component.ts", "TypeScript", 0, 0, 0, 0, 0, 133, 0, 0, 0, 6, 57, 196
"c:\Users\USER\Documents\GitHub\MainDietitianProjectRepo\client\src\app\pages\Diets\edit-diets\edit-diets.component.css", "CSS", 0, 0, 0, 0, 0, 0, 122, 0, 0, 0, 20, 142
"c:\Users\USER\Documents\GitHub\MainDietitianProjectRepo\client\src\app\pages\Diets\edit-diets\edit-diets.component.html", "HTML", 0, 0, 0, 0, 0, 0, 0, 271, 0, 7, 9, 287
"c:\Users\USER\Documents\GitHub\MainDietitianProjectRepo\client\src\app\pages\Diets\edit-diets\edit-diets.component.ts", "TypeScript", 0, 0, 0, 0, 0, 250, 0, 0, 0, 19, 44, 313
"c:\Users\USER\Documents\GitHub\MainDietitianProjectRepo\client\src\app\pages\Diets\view-diets\view-diets.component.css", "CSS", 0, 0, 0, 0, 0, 0, 441, 0, 0, 20, 86, 547
"c:\Users\USER\Documents\GitHub\MainDietitianProjectRepo\client\src\app\pages\Diets\view-diets\view-diets.component.html", "HTML", 0, 0, 0, 0, 0, 0, 0, 158, 0, 10, 25, 193
"c:\Users\USER\Documents\GitHub\MainDietitianProjectRepo\client\src\app\pages\Diets\view-diets\view-diets.component.ts", "TypeScript", 0, 0, 0, 0, 0, 413, 0, 0, 0, 47, 133, 593
"c:\Users\USER\Documents\GitHub\MainDietitianProjectRepo\client\src\app\pages\Metrics-Management\add-metrics\add-metrics.component.css", "CSS", 0, 0, 0, 0, 0, 0, 92, 0, 0, 0, 24, 116
"c:\Users\USER\Documents\GitHub\MainDietitianProjectRepo\client\src\app\pages\Metrics-Management\add-metrics\add-metrics.component.html", "HTML", 0, 0, 0, 0, 0, 0, 0, 27, 0, 0, 9, 36
"c:\Users\USER\Documents\GitHub\MainDietitianProjectRepo\client\src\app\pages\Metrics-Management\add-metrics\add-metrics.component.ts", "TypeScript", 0, 0, 0, 0, 0, 106, 0, 0, 0, 4, 30, 140
"c:\Users\USER\Documents\GitHub\MainDietitianProjectRepo\client\src\app\pages\Metrics-Management\edit-metrics\edit-metrics.component.css", "CSS", 0, 0, 0, 0, 0, 0, 92, 0, 0, 0, 24, 116
"c:\Users\USER\Documents\GitHub\MainDietitianProjectRepo\client\src\app\pages\Metrics-Management\edit-metrics\edit-metrics.component.html", "HTML", 0, 0, 0, 0, 0, 0, 0, 33, 0, 0, 9, 42
"c:\Users\USER\Documents\GitHub\MainDietitianProjectRepo\client\src\app\pages\Metrics-Management\edit-metrics\edit-metrics.component.ts", "TypeScript", 0, 0, 0, 0, 0, 156, 0, 0, 0, 4, 20, 180
"c:\Users\USER\Documents\GitHub\MainDietitianProjectRepo\client\src\app\pages\Metrics-Management\view-metrics\view-metrics.component.css", "CSS", 0, 0, 0, 0, 0, 0, 379, 0, 0, 12, 63, 454
"c:\Users\USER\Documents\GitHub\MainDietitianProjectRepo\client\src\app\pages\Metrics-Management\view-metrics\view-metrics.component.html", "HTML", 0, 0, 0, 0, 0, 0, 0, 75, 0, 2, 12, 89
"c:\Users\USER\Documents\GitHub\MainDietitianProjectRepo\client\src\app\pages\Metrics-Management\view-metrics\view-metrics.component.ts", "TypeScript", 0, 0, 0, 0, 0, 186, 0, 0, 0, 10, 34, 230
"c:\Users\USER\Documents\GitHub\MainDietitianProjectRepo\client\src\app\pages\Reports\select\select.component.css", "CSS", 0, 0, 0, 0, 0, 0, 27, 0, 0, 1, 7, 35
"c:\Users\USER\Documents\GitHub\MainDietitianProjectRepo\client\src\app\pages\Reports\select\select.component.html", "HTML", 0, 0, 0, 0, 0, 0, 0, 87, 0, 4, 0, 91
"c:\Users\USER\Documents\GitHub\MainDietitianProjectRepo\client\src\app\pages\Reports\select\select.component.ts", "TypeScript", 0, 0, 0, 0, 0, 104, 0, 0, 0, 4, 17, 125
"c:\Users\USER\Documents\GitHub\MainDietitianProjectRepo\client\src\app\pages\Reports\view\view.component.css", "CSS", 0, 0, 0, 0, 0, 0, 368, 0, 0, 24, 81, 473
"c:\Users\USER\Documents\GitHub\MainDietitianProjectRepo\client\src\app\pages\Reports\view\view.component.html", "HTML", 0, 0, 0, 0, 0, 0, 0, 249, 0, 16, 22, 287
"c:\Users\USER\Documents\GitHub\MainDietitianProjectRepo\client\src\app\pages\Reports\view\view.component.ts", "TypeScript", 0, 0, 0, 0, 0, 180, 0, 0, 0, 23, 59, 262
"c:\Users\USER\Documents\GitHub\MainDietitianProjectRepo\client\src\app\pages\about-us\about-us.component.css", "CSS", 0, 0, 0, 0, 0, 0, 0, 0, 0, 0, 1, 1
"c:\Users\USER\Documents\GitHub\MainDietitianProjectRepo\client\src\app\pages\about-us\about-us.component.html", "HTML", 0, 0, 0, 0, 0, 0, 0, 1, 0, 0, 1, 2
"c:\Users\USER\Documents\GitHub\MainDietitianProjectRepo\client\src\app\pages\about-us\about-us.component.ts", "TypeScript", 0, 0, 0, 0, 0, 10, 0, 0, 0, 0, 3, 13
"c:\Users\USER\Documents\GitHub\MainDietitianProjectRepo\client\src\app\pages\advice-management\advice-create-edit\advice-create-edit.component.css", "CSS", 0, 0, 0, 0, 0, 0, 101, 0, 0, 0, 21, 122
"c:\Users\USER\Documents\GitHub\MainDietitianProjectRepo\client\src\app\pages\advice-management\advice-create-edit\advice-create-edit.component.html", "HTML", 0, 0, 0, 0, 0, 0, 0, 60, 0, 4, 3, 67
"c:\Users\USER\Documents\GitHub\MainDietitianProjectRepo\client\src\app\pages\advice-management\advice-create-edit\advice-create-edit.component.ts", "TypeScript", 0, 0, 0, 0, 0, 138, 0, 0, 0, 1, 19, 158
"c:\Users\USER\Documents\GitHub\MainDietitianProjectRepo\client\src\app\pages\advice-management\advice-list\advice-list.component.css", "CSS", 0, 0, 0, 0, 0, 0, 152, 0, 0, 7, 20, 179
"c:\Users\USER\Documents\GitHub\MainDietitianProjectRepo\client\src\app\pages\advice-management\advice-list\advice-list.component.html", "HTML", 0, 0, 0, 0, 0, 0, 0, 55, 0, 5, 9, 69
"c:\Users\USER\Documents\GitHub\MainDietitianProjectRepo\client\src\app\pages\advice-management\advice-list\advice-list.component.ts", "TypeScript", 0, 0, 0, 0, 0, 135, 0, 0, 0, 105, 33, 273
"c:\Users\USER\Documents\GitHub\MainDietitianProjectRepo\client\src\app\pages\appointments\appointments\appointments.component.css", "CSS", 0, 0, 0, 0, 0, 0, 569, 0, 0, 16, 94, 679
"c:\Users\USER\Documents\GitHub\MainDietitianProjectRepo\client\src\app\pages\appointments\appointments\appointments.component.html", "HTML", 0, 0, 0, 0, 0, 0, 0, 236, 0, 4, 11, 251
"c:\Users\USER\Documents\GitHub\MainDietitianProjectRepo\client\src\app\pages\appointments\appointments\appointments.component.ts", "TypeScript", 0, 0, 0, 0, 0, 340, 0, 0, 0, 36, 66, 442
"c:\Users\USER\Documents\GitHub\MainDietitianProjectRepo\client\src\app\pages\calendar\calendar\calendar.component.css", "CSS", 0, 0, 0, 0, 0, 0, 542, 0, 0, 11, 84, 637
"c:\Users\USER\Documents\GitHub\MainDietitianProjectRepo\client\src\app\pages\calendar\calendar\calendar.component.html", "HTML", 0, 0, 0, 0, 0, 0, 0, 264, 0, 7, 14, 285
"c:\Users\USER\Documents\GitHub\MainDietitianProjectRepo\client\src\app\pages\calendar\calendar\calendar.component.ts", "TypeScript", 0, 0, 0, 0, 0, 569, 0, 0, 0, 79, 151, 799
"c:\Users\USER\Documents\GitHub\MainDietitianProjectRepo\client\src\app\pages\client-management\client-history\client-history.component.css", "CSS", 0, 0, 0, 0, 0, 0, 85, 0, 0, 7, 16, 108
"c:\Users\USER\Documents\GitHub\MainDietitianProjectRepo\client\src\app\pages\client-management\client-history\client-history.component.html", "HTML", 0, 0, 0, 0, 0, 0, 0, 67, 0, 1, 9, 77
"c:\Users\USER\Documents\GitHub\MainDietitianProjectRepo\client\src\app\pages\client-management\client-history\client-history.component.ts", "TypeScript", 0, 0, 0, 0, 0, 71, 0, 0, 0, 4, 19, 94
"c:\Users\USER\Documents\GitHub\MainDietitianProjectRepo\client\src\app\pages\client-management\client-search\client-search.component.css", "CSS", 0, 0, 0, 0, 0, 0, 138, 0, 0, 7, 23, 168
"c:\Users\USER\Documents\GitHub\MainDietitianProjectRepo\client\src\app\pages\client-management\client-search\client-search.component.html", "HTML", 0, 0, 0, 0, 0, 0, 0, 53, 0, 0, 10, 63
"c:\Users\USER\Documents\GitHub\MainDietitianProjectRepo\client\src\app\pages\client-management\client-search\client-search.component.ts", "TypeScript", 0, 0, 0, 0, 0, 165, 0, 0, 0, 9, 32, 206
"c:\Users\USER\Documents\GitHub\MainDietitianProjectRepo\client\src\app\pages\client-management\delete-client\delete-client.component.css", "CSS", 0, 0, 0, 0, 0, 0, 52, 0, 0, 0, 10, 62
"c:\Users\USER\Documents\GitHub\MainDietitianProjectRepo\client\src\app\pages\client-management\delete-client\delete-client.component.html", "HTML", 0, 0, 0, 0, 0, 0, 0, 13, 0, 0, 0, 13
"c:\Users\USER\Documents\GitHub\MainDietitianProjectRepo\client\src\app\pages\client-management\delete-client\delete-client.component.ts", "TypeScript", 0, 0, 0, 0, 0, 53, 0, 0, 0, 1, 8, 62
"c:\Users\USER\Documents\GitHub\MainDietitianProjectRepo\client\src\app\pages\client-management\edit-client-details\edit-client-details.component.css", "CSS", 0, 0, 0, 0, 0, 0, 44, 0, 0, 0, 8, 52
"c:\Users\USER\Documents\GitHub\MainDietitianProjectRepo\client\src\app\pages\client-management\edit-client-details\edit-client-details.component.html", "HTML", 0, 0, 0, 0, 0, 0, 0, 38, 0, 0, 4, 42
"c:\Users\USER\Documents\GitHub\MainDietitianProjectRepo\client\src\app\pages\client-management\edit-client-details\edit-client-details.component.ts", "TypeScript", 0, 0, 0, 0, 0, 146, 0, 0, 0, 7, 28, 181
"c:\Users\USER\Documents\GitHub\MainDietitianProjectRepo\client\src\app\pages\client-management\manage-client\manage-client.component.css", "CSS", 0, 0, 0, 0, 0, 0, 52, 0, 0, 0, 10, 62
"c:\Users\USER\Documents\GitHub\MainDietitianProjectRepo\client\src\app\pages\client-management\manage-client\manage-client.component.html", "HTML", 0, 0, 0, 0, 0, 0, 0, 14, 0, 1, 0, 15
"c:\Users\USER\Documents\GitHub\MainDietitianProjectRepo\client\src\app\pages\client-management\manage-client\manage-client.component.ts", "TypeScript", 0, 0, 0, 0, 0, 37, 0, 0, 0, 1, 10, 48
"c:\Users\USER\Documents\GitHub\MainDietitianProjectRepo\client\src\app\pages\client-management\view-client\view-client.component.css", "CSS", 0, 0, 0, 0, 0, 0, 43, 0, 0, 0, 5, 48
"c:\Users\USER\Documents\GitHub\MainDietitianProjectRepo\client\src\app\pages\client-management\view-client\view-client.component.html", "HTML", 0, 0, 0, 0, 0, 0, 0, 39, 0, 0, 9, 48
"c:\Users\USER\Documents\GitHub\MainDietitianProjectRepo\client\src\app\pages\client-management\view-client\view-client.component.ts", "TypeScript", 0, 0, 0, 0, 0, 59, 0, 0, 0, 2, 17, 78
"c:\Users\USER\Documents\GitHub\MainDietitianProjectRepo\client\src\app\pages\forgot-password\forgot-password-step-1\forgot-password-step-1.component.css", "CSS", 0, 0, 0, 0, 0, 0, 14, 0, 0, 0, 4, 18
"c:\Users\USER\Documents\GitHub\MainDietitianProjectRepo\client\src\app\pages\forgot-password\forgot-password-step-1\forgot-password-step-1.component.html", "HTML", 0, 0, 0, 0, 0, 0, 0, 48, 0, 0, 8, 56
"c:\Users\USER\Documents\GitHub\MainDietitianProjectRepo\client\src\app\pages\forgot-password\forgot-password-step-1\forgot-password-step-1.component.ts", "TypeScript", 0, 0, 0, 0, 0, 113, 0, 0, 0, 2, 28, 143
"c:\Users\USER\Documents\GitHub\MainDietitianProjectRepo\client\src\app\pages\forgot-password\forgot-password-step-2\forgot-password-step-2.component.css", "CSS", 0, 0, 0, 0, 0, 0, 24, 0, 0, 10, 3, 37
"c:\Users\USER\Documents\GitHub\MainDietitianProjectRepo\client\src\app\pages\forgot-password\forgot-password-step-2\forgot-password-step-2.component.html", "HTML", 0, 0, 0, 0, 0, 0, 0, 28, 0, 0, 6, 34
"c:\Users\USER\Documents\GitHub\MainDietitianProjectRepo\client\src\app\pages\forgot-password\forgot-password-step-2\forgot-password-step-2.component.ts", "TypeScript", 0, 0, 0, 0, 0, 113, 0, 0, 0, 3, 18, 134
"c:\Users\USER\Documents\GitHub\MainDietitianProjectRepo\client\src\app\pages\home-page\home-page.component.css", "CSS", 0, 0, 0, 0, 0, 0, 54, 0, 0, 0, 8, 62
"c:\Users\USER\Documents\GitHub\MainDietitianProjectRepo\client\src\app\pages\home-page\home-page.component.html", "HTML", 0, 0, 0, 0, 0, 0, 0, 19, 0, 0, 2, 21
"c:\Users\USER\Documents\GitHub\MainDietitianProjectRepo\client\src\app\pages\home-page\home-page.component.ts", "TypeScript", 0, 0, 0, 0, 0, 13, 0, 0, 0, 0, 3, 16
"c:\Users\USER\Documents\GitHub\MainDietitianProjectRepo\client\src\app\pages\login\login.component.css", "CSS", 0, 0, 0, 0, 0, 0, 17, 0, 0, 1, 2, 20
"c:\Users\USER\Documents\GitHub\MainDietitianProjectRepo\client\src\app\pages\login\login.component.html", "HTML", 0, 0, 0, 0, 0, 0, 0, 36, 0, 2, 15, 53
"c:\Users\USER\Documents\GitHub\MainDietitianProjectRepo\client\src\app\pages\login\login.component.ts", "TypeScript", 0, 0, 0, 0, 0, 73, 0, 0, 0, 0, 17, 90
"c:\Users\USER\Documents\GitHub\MainDietitianProjectRepo\client\src\app\pages\manage-data\manage-data.component.css", "CSS", 0, 0, 0, 0, 0, 0, 151, 0, 0, 25, 30, 206
"c:\Users\USER\Documents\GitHub\MainDietitianProjectRepo\client\src\app\pages\manage-data\manage-data.component.html", "HTML", 0, 0, 0, 0, 0, 0, 0, 43, 0, 20, 6, 69
"c:\Users\USER\Documents\GitHub\MainDietitianProjectRepo\client\src\app\pages\manage-data\manage-data.component.ts", "TypeScript", 0, 0, 0, 0, 0, 62, 0, 0, 0, 4, 14, 80
"c:\Users\USER\Documents\GitHub\MainDietitianProjectRepo\client\src\app\pages\meet-us\meet-us.component.css", "CSS", 0, 0, 0, 0, 0, 0, 36, 0, 0, 0, 7, 43
"c:\Users\USER\Documents\GitHub\MainDietitianProjectRepo\client\src\app\pages\meet-us\meet-us.component.html", "HTML", 0, 0, 0, 0, 0, 0, 0, 42, 0, 3, 4, 49
"c:\Users\USER\Documents\GitHub\MainDietitianProjectRepo\client\src\app\pages\meet-us\meet-us.component.ts", "TypeScript", 0, 0, 0, 0, 0, 11, 0, 0, 0, 0, 2, 13
"c:\Users\USER\Documents\GitHub\MainDietitianProjectRepo\client\src\app\pages\note-management\note-management.component.css", "CSS", 0, 0, 0, 0, 0, 0, 39, 0, 0, 0, 8, 47
"c:\Users\USER\Documents\GitHub\MainDietitianProjectRepo\client\src\app\pages\note-management\note-management.component.html", "HTML", 0, 0, 0, 0, 0, 0, 0, 23, 0, 0, 2, 25
"c:\Users\USER\Documents\GitHub\MainDietitianProjectRepo\client\src\app\pages\note-management\note-management.component.ts", "TypeScript", 0, 0, 0, 0, 0, 89, 0, 0, 0, 10, 19, 118
"c:\Users\USER\Documents\GitHub\MainDietitianProjectRepo\client\src\app\pages\pagination\pagination.component.css", "CSS", 0, 0, 0, 0, 0, 0, 24, 0, 0, 4, 5, 33
"c:\Users\USER\Documents\GitHub\MainDietitianProjectRepo\client\src\app\pages\pagination\pagination.component.html", "HTML", 0, 0, 0, 0, 0, 0, 0, 20, 0, 3, 3, 26
"c:\Users\USER\Documents\GitHub\MainDietitianProjectRepo\client\src\app\pages\pagination\pagination.component.ts", "TypeScript", 0, 0, 0, 0, 0, 41, 0, 0, 0, 8, 7, 56
"c:\Users\USER\Documents\GitHub\MainDietitianProjectRepo\client\src\app\pages\recipes\add-edit-recipe\add-edit-recipe.component.css", "CSS", 0, 0, 0, 0, 0, 0, 93, 0, 0, 9, 12, 114
"c:\Users\USER\Documents\GitHub\MainDietitianProjectRepo\client\src\app\pages\recipes\add-edit-recipe\add-edit-recipe.component.html", "HTML", 0, 0, 0, 0, 0, 0, 0, 72, 0, 1, 4, 77
"c:\Users\USER\Documents\GitHub\MainDietitianProjectRepo\client\src\app\pages\recipes\add-edit-recipe\add-edit-recipe.component.ts", "TypeScript", 0, 0, 0, 0, 0, 164, 0, 0, 0, 0, 23, 187
"c:\Users\USER\Documents\GitHub\MainDietitianProjectRepo\client\src\app\pages\recipes\recipes.component.css", "CSS", 0, 0, 0, 0, 0, 0, 69, 0, 0, 0, 15, 84
"c:\Users\USER\Documents\GitHub\MainDietitianProjectRepo\client\src\app\pages\recipes\recipes.component.html", "HTML", 0, 0, 0, 0, 0, 0, 0, 30, 0, 3, 4, 37
"c:\Users\USER\Documents\GitHub\MainDietitianProjectRepo\client\src\app\pages\recipes\recipes.component.ts", "TypeScript", 0, 0, 0, 0, 0, 40, 0, 0, 0, 0, 7, 47
"c:\Users\USER\Documents\GitHub\MainDietitianProjectRepo\client\src\app\pages\recipes\view\view.component.css", "CSS", 0, 0, 0, 0, 0, 0, 36, 0, 0, 0, 6, 42
"c:\Users\USER\Documents\GitHub\MainDietitianProjectRepo\client\src\app\pages\recipes\view\view.component.html", "HTML", 0, 0, 0, 0, 0, 0, 0, 40, 0, 0, 3, 43
"c:\Users\USER\Documents\GitHub\MainDietitianProjectRepo\client\src\app\pages\recipes\view\view.component.ts", "TypeScript", 0, 0, 0, 0, 0, 80, 0, 0, 0, 0, 13, 93
"c:\Users\USER\Documents\GitHub\MainDietitianProjectRepo\client\src\app\pages\register\register.component.css", "CSS", 0, 0, 0, 0, 0, 0, 105, 0, 0, 1, 20, 126
"c:\Users\USER\Documents\GitHub\MainDietitianProjectRepo\client\src\app\pages\register\register.component.html", "HTML", 0, 0, 0, 0, 0, 0, 0, 114, 0, 10, 12, 136
"c:\Users\USER\Documents\GitHub\MainDietitianProjectRepo\client\src\app\pages\register\register.component.ts", "TypeScript", 0, 0, 0, 0, 0, 158, 0, 0, 0, 0, 30, 188
"c:\Users\USER\Documents\GitHub\MainDietitianProjectRepo\client\src\app\pages\reviews-management\reviews-create-edit\reviews-create-edit.component.css", "CSS", 0, 0, 0, 0, 0, 0, 108, 0, 0, 0, 25, 133
"c:\Users\USER\Documents\GitHub\MainDietitianProjectRepo\client\src\app\pages\reviews-management\reviews-create-edit\reviews-create-edit.component.html", "HTML", 0, 0, 0, 0, 0, 0, 0, 57, 0, 0, 0, 57
"c:\Users\USER\Documents\GitHub\MainDietitianProjectRepo\client\src\app\pages\reviews-management\reviews-create-edit\reviews-create-edit.component.ts", "TypeScript", 0, 0, 0, 0, 0, 159, 0, 0, 0, 3, 23, 185
"c:\Users\USER\Documents\GitHub\MainDietitianProjectRepo\client\src\app\pages\reviews-management\reviews-list\reviews-list.component.css", "CSS", 0, 0, 0, 0, 0, 0, 49, 0, 0, 0, 8, 57
"c:\Users\USER\Documents\GitHub\MainDietitianProjectRepo\client\src\app\pages\reviews-management\reviews-list\reviews-list.component.html", "HTML", 0, 0, 0, 0, 0, 0, 0, 36, 0, 0, 3, 39
"c:\Users\USER\Documents\GitHub\MainDietitianProjectRepo\client\src\app\pages\reviews-management\reviews-list\reviews-list.component.ts", "TypeScript", 0, 0, 0, 0, 0, 125, 0, 0, 0, 4, 19, 148
"c:\Users\USER\Documents\GitHub\MainDietitianProjectRepo\client\src\app\pages\uploads\articles\articles.component.css", "CSS", 0, 0, 0, 0, 0, 0, 374, 0, 0, 10, 61, 445
"c:\Users\USER\Documents\GitHub\MainDietitianProjectRepo\client\src\app\pages\uploads\articles\articles.component.html", "HTML", 0, 0, 0, 0, 0, 0, 0, 146, 0, 8, 20, 174
"c:\Users\USER\Documents\GitHub\MainDietitianProjectRepo\client\src\app\pages\uploads\articles\articles.component.ts", "TypeScript", 0, 0, 0, 0, 0, 219, 0, 0, 0, 27, 40, 286
"c:\Users\USER\Documents\GitHub\MainDietitianProjectRepo\client\src\app\pages\uploads\uploads.component.css", "CSS", 0, 0, 0, 0, 0, 0, 0, 0, 0, 0, 1, 1
"c:\Users\USER\Documents\GitHub\MainDietitianProjectRepo\client\src\app\pages\uploads\uploads.component.html", "HTML", 0, 0, 0, 0, 0, 0, 0, 1, 0, 0, 1, 2
"c:\Users\USER\Documents\GitHub\MainDietitianProjectRepo\client\src\app\pages\uploads\uploads.component.ts", "TypeScript", 0, 0, 0, 0, 0, 10, 0, 0, 0, 1, 2, 13
"c:\Users\USER\Documents\GitHub\MainDietitianProjectRepo\client\src\app\services\account.service.ts", "TypeScript", 0, 0, 0, 0, 0, 97, 0, 0, 0, 13, 28, 138
"c:\Users\USER\Documents\GitHub\MainDietitianProjectRepo\client\src\app\services\advice.service.ts", "TypeScript", 0, 0, 0, 0, 0, 39, 0, 0, 0, 6, 8, 53
"c:\Users\USER\Documents\GitHub\MainDietitianProjectRepo\client\src\app\services\appointments.service.ts", "TypeScript", 0, 0, 0, 0, 0, 56, 0, 0, 0, 3, 19, 78
"c:\Users\USER\Documents\GitHub\MainDietitianProjectRepo\client\src\app\services\articles.service.ts", "TypeScript", 0, 0, 0, 0, 0, 29, 0, 0, 0, 0, 7, 36
"c:\Users\USER\Documents\GitHub\MainDietitianProjectRepo\client\src\app\services\client-management.service.ts", "TypeScript", 0, 0, 0, 0, 0, 47, 0, 0, 0, 0, 14, 61
"c:\Users\USER\Documents\GitHub\MainDietitianProjectRepo\client\src\app\services\data-management.service.ts", "TypeScript", 0, 0, 0, 0, 0, 22, 0, 0, 0, 0, 7, 29
"c:\Users\USER\Documents\GitHub\MainDietitianProjectRepo\client\src\app\services\diet-types.service.ts", "TypeScript", 0, 0, 0, 0, 0, 25, 0, 0, 0, 1, 12, 38
"c:\Users\USER\Documents\GitHub\MainDietitianProjectRepo\client\src\app\services\diet.service.ts", "TypeScript", 0, 0, 0, 0, 0, 47, 0, 0, 0, 14, 22, 83
"c:\Users\USER\Documents\GitHub\MainDietitianProjectRepo\client\src\app\services\metrics.service.ts", "TypeScript", 0, 0, 0, 0, 0, 43, 0, 0, 0, 0, 9, 52
"c:\Users\USER\Documents\GitHub\MainDietitianProjectRepo\client\src\app\services\note.service.ts", "TypeScript", 0, 0, 0, 0, 0, 29, 0, 0, 0, 0, 7, 36
"c:\Users\USER\Documents\GitHub\MainDietitianProjectRepo\client\src\app\services\recipes.service.ts", "TypeScript", 0, 0, 0, 0, 0, 40, 0, 0, 0, 6, 10, 56
"c:\Users\USER\Documents\GitHub\MainDietitianProjectRepo\client\src\app\services\reports.service.ts", "TypeScript", 0, 0, 0, 0, 0, 25, 0, 0, 0, 4, 7, 36
"c:\Users\USER\Documents\GitHub\MainDietitianProjectRepo\client\src\app\services\reviews.service.ts", "TypeScript", 0, 0, 0, 0, 0, 47, 0, 0, 0, 9, 10, 66
"c:\Users\USER\Documents\GitHub\MainDietitianProjectRepo\client\src\app\validation\CustomValidators.ts", "TypeScript", 0, 0, 0, 0, 0, 12, 0, 0, 0, 0, 1, 13
"c:\Users\USER\Documents\GitHub\MainDietitianProjectRepo\client\src\app\validation\passwordMatchValidator.ts", "TypeScript", 0, 0, 0, 0, 0, 27, 0, 0, 0, 0, 6, 33
"c:\Users\USER\Documents\GitHub\MainDietitianProjectRepo\client\src\app\validation\pastDateValidator.ts", "TypeScript", 0, 0, 0, 0, 0, 15, 0, 0, 0, 0, 4, 19
"c:\Users\USER\Documents\GitHub\MainDietitianProjectRepo\client\src\app\validation\validation-messages.ts", "TypeScript", 0, 0, 0, 0, 0, 38, 0, 0, 0, 0, 5, 43
"c:\Users\USER\Documents\GitHub\MainDietitianProjectRepo\client\src\app\validation\validation-patterns.ts", "TypeScript", 0, 0, 0, 0, 0, 23, 0, 0, 0, 0, 1, 24
"c:\Users\USER\Documents\GitHub\MainDietitianProjectRepo\client\src\app\validation\validator.ts", "TypeScript", 0, 0, 0, 0, 0, 17, 0, 0, 0, 0, 4, 21
"c:\Users\USER\Documents\GitHub\MainDietitianProjectRepo\client\src\index.html", "HTML", 0, 0, 0, 0, 0, 0, 0, 21, 0, 0, 3, 24
"c:\Users\USER\Documents\GitHub\MainDietitianProjectRepo\client\src\main.ts", "TypeScript", 0, 0, 0, 0, 0, 5, 0, 0, 0, 0, 4, 9
"c:\Users\USER\Documents\GitHub\MainDietitianProjectRepo\client\src\styles.css", "CSS", 0, 0, 0, 0, 0, 0, 145, 0, 0, 3, 26, 174
"c:\Users\USER\Documents\GitHub\MainDietitianProjectRepo\client\tsconfig.app.json", "JSON", 0, 13, 0, 0, 0, 0, 0, 0, 0, 2, 1, 16
"c:\Users\USER\Documents\GitHub\MainDietitianProjectRepo\client\tsconfig.json", "JSON with Comments", 0, 0, 0, 31, 0, 0, 0, 0, 0, 2, 1, 34
"c:\Users\USER\Documents\GitHub\MainDietitianProjectRepo\client\tsconfig.spec.json", "JSON", 0, 13, 0, 0, 0, 0, 0, 0, 0, 2, 1, 16
"c:\Users\USER\Documents\GitHub\MainDietitianProjectRepo\package-lock.json", "JSON", 0, 6, 0, 0, 0, 0, 0, 0, 0, 0, 1, 7
"Total", "-", 16, 14701, 10961, 31, 14, 6152, 5000, 2900, 9, 1120, 5244, 46148